lambda,true_policy_value
1,0.8566018403717006
2,0.803322218280105
4,0.7214430956488836
8,0.6069847455226165
16,0.5227414888447965
